Image,Error,Box index,Confidence
00001_jpg.rf.dc752efb1334f749cf34285004556c1b.jpg,FP candidate,1,0.2735599875450134
00035_jpg.rf.51df5c515fb2b4cfcff73a6c42d4407e.jpg,FP candidate,0,0.5555522441864014
00035_jpg.rf.51df5c515fb2b4cfcff73a6c42d4407e.jpg,FN candidate,0,
00055_jpg.rf.64d17de2584ce78a0c68e5d385d815cd.jpg,FP candidate,1,0.3341307044029236
00067_jpg.rf.08b5181ba648d11644e967a30fefdacb.jpg,FP candidate,1,0.38206350803375244
00086_jpg.rf.55365bb887be9d754303b6950bd37089.jpg,FN candidate,1,
00092_jpg.rf.7c5b758fab8c3ede00e4beaa90ea0ffb.jpg,FP candidate,1,0.29239529371261597
00103_jpg.rf.a3b79d5657ba504c46f82413ab178257.jpg,FP candidate,0,0.6350956559181213
00103_jpg.rf.a3b79d5657ba504c46f82413ab178257.jpg,FP candidate,1,0.5732818245887756
00110_jpg.rf.8edb88a0a8ef0a14300046e2ca0ba7d7.jpg,FP candidate,1,0.4490022361278534
00172_jpg.rf.6ff8217a87578e47040ef8be6e66a8a4.jpg,FP candidate,1,0.5555199980735779
